Id;Name;X;Y;Size;;;;;;;;;;;;;;;;;;;;;;;;;;;;;;;;;;;;;;;;;;;;;;;;;;;;;;;;;;;;;;;;;;;;;;;;;;;
0;Mandaguari;2121;817;1;;;;;;;;;;;;;;;;;;;;;;;;;;;;;;;;;;;;;;;;;;;;;;;;;;;;;;;;;;;;;;;;;;;;;;;;;;;
1;Marialva;2031;769;1;;;;;;;;;;;;;;;;;;;;;;;;;;;;;;;;;;;;;;;;;;;;;;;;;;;;;;;;;;;;;;;;;;;;;;;;;;;
2;Maringá;1927;719;1;;;;;;;;;;;;;;;;;;;;;;;;;;;;;;;;;;;;;;;;;;;;;;;;;;;;;;;;;;;;;;;;;;;;;;;;;;;
3;Paiçandu;1845;748;1;;;;;;;;;;;;;;;;;;;;;;;;;;;;;;;;;;;;;;;;;;;;;;;;;;;;;;;;;;;;;;;;;;;;;;;;;;;
4;Sarandi;1970;737;1;;;;;;;;;;;;;;;;;;;;;;;;;;;;;;;;;;;;;;;;;;;;;;;;;;;;;;;;;;;;;;;;;;;;;;;;;;;
5;Apucarana;2271;819;1;;;;;;;;;;;;;;;;;;;;;;;;;;;;;;;;;;;;;;;;;;;;;;;;;;;;;;;;;;;;;;;;;;;;;;;;;;;
6;Arapongas;2299;715;1;;;;;;;;;;;;;;;;;;;;;;;;;;;;;;;;;;;;;;;;;;;;;;;;;;;;;;;;;;;;;;;;;;;;;;;;;;;
7;Califórnia;2350;904;1;;;;;;;;;;;;;;;;;;;;;;;;;;;;;;;;;;;;;;;;;;;;;;;;;;;;;;;;;;;;;;;;;;;;;;;;;;;
8;Cambira;2187;851;1;;;;;;;;;;;;;;;;;;;;;;;;;;;;;;;;;;;;;;;;;;;;;;;;;;;;;;;;;;;;;;;;;;;;;;;;;;;
9;Jandaia do Sul;2140;862;1;;;;;;;;;;;;;;;;;;;;;;;;;;;;;;;;;;;;;;;;;;;;;;;;;;;;;;;;;;;;;;;;;;;;;;;;;;;
10;Marilândia do Sul;2382;972;1;;;;;;;;;;;;;;;;;;;;;;;;;;;;;;;;;;;;;;;;;;;;;;;;;;;;;;;;;;;;;;;;;;;;;;;;;;;
11;Mauá da Serra;2445;1096;1;;;;;;;;;;;;;;;;;;;;;;;;;;;;;;;;;;;;;;;;;;;;;;;;;;;;;;;;;;;;;;;;;;;;;;;;;;;
12;Novo Itacolomi;2240;990;1;;;;;;;;;;;;;;;;;;;;;;;;;;;;;;;;;;;;;;;;;;;;;;;;;;;;;;;;;;;;;;;;;;;;;;;;;;;
13;Sabáudia;2204;635;1;;;;;;;;;;;;;;;;;;;;;;;;;;;;;;;;;;;;;;;;;;;;;;;;;;;;;;;;;;;;;;;;;;;;;;;;;;;
14;Cambé;2406;602;1;;;;;;;;;;;;;;;;;;;;;;;;;;;;;;;;;;;;;;;;;;;;;;;;;;;;;;;;;;;;;;;;;;;;;;;;;;;
15;Ibiporã;2573;594;1;;;;;;;;;;;;;;;;;;;;;;;;;;;;;;;;;;;;;;;;;;;;;;;;;;;;;;;;;;;;;;;;;;;;;;;;;;;
16;Londrina;2487;625;1;;;;;;;;;;;;;;;;;;;;;;;;;;;;;;;;;;;;;;;;;;;;;;;;;;;;;;;;;;;;;;;;;;;;;;;;;;;
17;Pitangueiras;2181;565;1;;;;;;;;;;;;;;;;;;;;;;;;;;;;;;;;;;;;;;;;;;;;;;;;;;;;;;;;;;;;;;;;;;;;;;;;;;;
18;Rolândia;2344;629;1;;;;;;;;;;;;;;;;;;;;;;;;;;;;;;;;;;;;;;;;;;;;;;;;;;;;;;;;;;;;;;;;;;;;;;;;;;;
19;Tamarana;2539;955;1;;;;;;;;;;;;;;;;;;;;;;;;;;;;;;;;;;;;;;;;;;;;;;;;;;;;;;;;;;;;;;;;;;;;;;;;;;;
20;Ângulo;1940;539;1;;;;;;;;;;;;;;;;;;;;;;;;;;;;;;;;;;;;;;;;;;;;;;;;;;;;;;;;;;;;;;;;;;;;;;;;;;;
21;Astorga;2122;569;1;;;;;;;;;;;;;;;;;;;;;;;;;;;;;;;;;;;;;;;;;;;;;;;;;;;;;;;;;;;;;;;;;;;;;;;;;;;
22;Atalaia;1828;507;1;;;;;;;;;;;;;;;;;;;;;;;;;;;;;;;;;;;;;;;;;;;;;;;;;;;;;;;;;;;;;;;;;;;;;;;;;;;
23;Cafeara;2086;216;1;;;;;;;;;;;;;;;;;;;;;;;;;;;;;;;;;;;;;;;;;;;;;;;;;;;;;;;;;;;;;;;;;;;;;;;;;;;
24;Centenário do Sul;2172;241;1;;;;;;;;;;;;;;;;;;;;;;;;;;;;;;;;;;;;;;;;;;;;;;;;;;;;;;;;;;;;;;;;;;;;;;;;;;;
25;Colorado;1895;257;1;;;;;;;;;;;;;;;;;;;;;;;;;;;;;;;;;;;;;;;;;;;;;;;;;;;;;;;;;;;;;;;;;;;;;;;;;;;
26;Flórida;1910;452;1;;;;;;;;;;;;;;;;;;;;;;;;;;;;;;;;;;;;;;;;;;;;;;;;;;;;;;;;;;;;;;;;;;;;;;;;;;;
27;Guaraci;2133;361;1;;;;;;;;;;;;;;;;;;;;;;;;;;;;;;;;;;;;;;;;;;;;;;;;;;;;;;;;;;;;;;;;;;;;;;;;;;;
28;Iguaraçu;2007;540;1;;;;;;;;;;;;;;;;;;;;;;;;;;;;;;;;;;;;;;;;;;;;;;;;;;;;;;;;;;;;;;;;;;;;;;;;;;;
29;Itaguajé;1899;84;1;;;;;;;;;;;;;;;;;;;;;;;;;;;;;;;;;;;;;;;;;;;;;;;;;;;;;;;;;;;;;;;;;;;;;;;;;;;
30;Jaguapitã;2220;472;1;;;;;;;;;;;;;;;;;;;;;;;;;;;;;;;;;;;;;;;;;;;;;;;;;;;;;;;;;;;;;;;;;;;;;;;;;;;
31;Lobato;1912;391;1;;;;;;;;;;;;;;;;;;;;;;;;;;;;;;;;;;;;;;;;;;;;;;;;;;;;;;;;;;;;;;;;;;;;;;;;;;;
32;Lupionópolis;2125;190;1;;;;;;;;;;;;;;;;;;;;;;;;;;;;;;;;;;;;;;;;;;;;;;;;;;;;;;;;;;;;;;;;;;;;;;;;;;;
33;Mandaguaçu;1809;661;1;;;;;;;;;;;;;;;;;;;;;;;;;;;;;;;;;;;;;;;;;;;;;;;;;;;;;;;;;;;;;;;;;;;;;;;;;;;
34;Munhoz de Melo;2044;500;1;;;;;;;;;;;;;;;;;;;;;;;;;;;;;;;;;;;;;;;;;;;;;;;;;;;;;;;;;;;;;;;;;;;;;;;;;;;
35;Nossa Senhora das Graças;2024;317;1;;;;;;;;;;;;;;;;;;;;;;;;;;;;;;;;;;;;;;;;;;;;;;;;;;;;;;;;;;;;;;;;;;;;;;;;;;;
36;Nova Esperança;1729;531;1;;;;;;;;;;;;;;;;;;;;;;;;;;;;;;;;;;;;;;;;;;;;;;;;;;;;;;;;;;;;;;;;;;;;;;;;;;;
37;Presidente Castelo Branco;1766;608;1;;;;;;;;;;;;;;;;;;;;;;;;;;;;;;;;;;;;;;;;;;;;;;;;;;;;;;;;;;;;;;;;;;;;;;;;;;;
38;Santa Fé;2018;417;1;;;;;;;;;;;;;;;;;;;;;;;;;;;;;;;;;;;;;;;;;;;;;;;;;;;;;;;;;;;;;;;;;;;;;;;;;;;
39;Santa Inês;1946;99;1;;;;;;;;;;;;;;;;;;;;;;;;;;;;;;;;;;;;;;;;;;;;;;;;;;;;;;;;;;;;;;;;;;;;;;;;;;;
40;Santo Inácio;2024;144;1;;;;;;;;;;;;;;;;;;;;;;;;;;;;;;;;;;;;;;;;;;;;;;;;;;;;;;;;;;;;;;;;;;;;;;;;;;;
41;Uniflor;1761;455;1;;;;;;;;;;;;;;;;;;;;;;;;;;;;;;;;;;;;;;;;;;;;;;;;;;;;;;;;;;;;;;;;;;;;;;;;;;;
42;Alvorada do Sul;2440;211;1;;;;;;;;;;;;;;;;;;;;;;;;;;;;;;;;;;;;;;;;;;;;;;;;;;;;;;;;;;;;;;;;;;;;;;;;;;;
43;Bela Vista do Paraíso;2468;380;1;;;;;;;;;;;;;;;;;;;;;;;;;;;;;;;;;;;;;;;;;;;;;;;;;;;;;;;;;;;;;;;;;;;;;;;;;;;
44;Florestópolis;2325;276;1;;;;;;;;;;;;;;;;;;;;;;;;;;;;;;;;;;;;;;;;;;;;;;;;;;;;;;;;;;;;;;;;;;;;;;;;;;;
45;Miraselva;2254;356;1;;;;;;;;;;;;;;;;;;;;;;;;;;;;;;;;;;;;;;;;;;;;;;;;;;;;;;;;;;;;;;;;;;;;;;;;;;;
46;Porecatu;2331;189;1;;;;;;;;;;;;;;;;;;;;;;;;;;;;;;;;;;;;;;;;;;;;;;;;;;;;;;;;;;;;;;;;;;;;;;;;;;;
47;Prado Ferreira;2284;413;1;;;;;;;;;;;;;;;;;;;;;;;;;;;;;;;;;;;;;;;;;;;;;;;;;;;;;;;;;;;;;;;;;;;;;;;;;;;
48;Primeiro de Maio;2588;266;1;;;;;;;;;;;;;;;;;;;;;;;;;;;;;;;;;;;;;;;;;;;;;;;;;;;;;;;;;;;;;;;;;;;;;;;;;;;
49;Sertanópolis;2580;430;1;;;;;;;;;;;;;;;;;;;;;;;;;;;;;;;;;;;;;;;;;;;;;;;;;;;;;;;;;;;;;;;;;;;;;;;;;;;
50;Doutor Camargo;1720;829;1;;;;;;;;;;;;;;;;;;;;;;;;;;;;;;;;;;;;;;;;;;;;;;;;;;;;;;;;;;;;;;;;;;;;;;;;;;;
51;Floraí;1656;640;1;;;;;;;;;;;;;;;;;;;;;;;;;;;;;;;;;;;;;;;;;;;;;;;;;;;;;;;;;;;;;;;;;;;;;;;;;;;
52;Floresta;1819;864;1;;;;;;;;;;;;;;;;;;;;;;;;;;;;;;;;;;;;;;;;;;;;;;;;;;;;;;;;;;;;;;;;;;;;;;;;;;;
53;Itambé;1886;909;1;;;;;;;;;;;;;;;;;;;;;;;;;;;;;;;;;;;;;;;;;;;;;;;;;;;;;;;;;;;;;;;;;;;;;;;;;;;
54;Ivatuba;1718;879;1;;;;;;;;;;;;;;;;;;;;;;;;;;;;;;;;;;;;;;;;;;;;;;;;;;;;;;;;;;;;;;;;;;;;;;;;;;;
55;Ourizona;1734;708;1;;;;;;;;;;;;;;;;;;;;;;;;;;;;;;;;;;;;;;;;;;;;;;;;;;;;;;;;;;;;;;;;;;;;;;;;;;;
56;São Jorge do Ivaí;1664;731;1;;;;;;;;;;;;;;;;;;;;;;;;;;;;;;;;;;;;;;;;;;;;;;;;;;;;;;;;;;;;;;;;;;;;;;;;;;;
57;Bom Sucesso;2050;945;1;;;;;;;;;;;;;;;;;;;;;;;;;;;;;;;;;;;;;;;;;;;;;;;;;;;;;;;;;;;;;;;;;;;;;;;;;;;
58;Borrazópolis;2182;1127;1;;;;;;;;;;;;;;;;;;;;;;;;;;;;;;;;;;;;;;;;;;;;;;;;;;;;;;;;;;;;;;;;;;;;;;;;;;;
59;Cruzmaltina;2277;1188;1;;;;;;;;;;;;;;;;;;;;;;;;;;;;;;;;;;;;;;;;;;;;;;;;;;;;;;;;;;;;;;;;;;;;;;;;;;;
60;Faxinal;2373;1184;1;;;;;;;;;;;;;;;;;;;;;;;;;;;;;;;;;;;;;;;;;;;;;;;;;;;;;;;;;;;;;;;;;;;;;;;;;;;
61;Kaloré;2122;1034;1;;;;;;;;;;;;;;;;;;;;;;;;;;;;;;;;;;;;;;;;;;;;;;;;;;;;;;;;;;;;;;;;;;;;;;;;;;;
62;Marumbi;2142;945;1;;;;;;;;;;;;;;;;;;;;;;;;;;;;;;;;;;;;;;;;;;;;;;;;;;;;;;;;;;;;;;;;;;;;;;;;;;;
63;Rio Bom;2308;988;1;;;;;;;;;;;;;;;;;;;;;;;;;;;;;;;;;;;;;;;;;;;;;;;;;;;;;;;;;;;;;;;;;;;;;;;;;;;
64;Arapuã;2038;1426;1;;;;;;;;;;;;;;;;;;;;;;;;;;;;;;;;;;;;;;;;;;;;;;;;;;;;;;;;;;;;;;;;;;;;;;;;;;;
65;Ariranha do Ivaí;2185;1484;1;;;;;;;;;;;;;;;;;;;;;;;;;;;;;;;;;;;;;;;;;;;;;;;;;;;;;;;;;;;;;;;;;;;;;;;;;;;
66;Cândido de Abreu;2366;1625;1;;;;;;;;;;;;;;;;;;;;;;;;;;;;;;;;;;;;;;;;;;;;;;;;;;;;;;;;;;;;;;;;;;;;;;;;;;;
67;Godoy Moreira;1937;1315;1;;;;;;;;;;;;;;;;;;;;;;;;;;;;;;;;;;;;;;;;;;;;;;;;;;;;;;;;;;;;;;;;;;;;;;;;;;;
68;Grandes Rios;2239;1293;1;;;;;;;;;;;;;;;;;;;;;;;;;;;;;;;;;;;;;;;;;;;;;;;;;;;;;;;;;;;;;;;;;;;;;;;;;;;
69;Ivaiporã;2119;1375;1;;;;;;;;;;;;;;;;;;;;;;;;;;;;;;;;;;;;;;;;;;;;;;;;;;;;;;;;;;;;;;;;;;;;;;;;;;;
70;Jardim Alegre;2107;1322;1;;;;;;;;;;;;;;;;;;;;;;;;;;;;;;;;;;;;;;;;;;;;;;;;;;;;;;;;;;;;;;;;;;;;;;;;;;;
71;Lidianópolis;2136;1264;1;;;;;;;;;;;;;;;;;;;;;;;;;;;;;;;;;;;;;;;;;;;;;;;;;;;;;;;;;;;;;;;;;;;;;;;;;;;
72;Lunardelli;2074;1243;1;;;;;;;;;;;;;;;;;;;;;;;;;;;;;;;;;;;;;;;;;;;;;;;;;;;;;;;;;;;;;;;;;;;;;;;;;;;
73;Manoel Ribas;2127;1587;1;;;;;;;;;;;;;;;;;;;;;;;;;;;;;;;;;;;;;;;;;;;;;;;;;;;;;;;;;;;;;;;;;;;;;;;;;;;
74;Nova Tebas;1923;1526;1;;;;;;;;;;;;;;;;;;;;;;;;;;;;;;;;;;;;;;;;;;;;;;;;;;;;;;;;;;;;;;;;;;;;;;;;;;;
75;Rio Branco do Ivaí;2378;1434;1;;;;;;;;;;;;;;;;;;;;;;;;;;;;;;;;;;;;;;;;;;;;;;;;;;;;;;;;;;;;;;;;;;;;;;;;;;;
76;Rosário do Ivaí;2413;1390;1;;;;;;;;;;;;;;;;;;;;;;;;;;;;;;;;;;;;;;;;;;;;;;;;;;;;;;;;;;;;;;;;;;;;;;;;;;;
77;São João do Ivaí;2011;1164;1;;;;;;;;;;;;;;;;;;;;;;;;;;;;;;;;;;;;;;;;;;;;;;;;;;;;;;;;;;;;;;;;;;;;;;;;;;;
78;São Pedro do Ivaí;1985;1070;1;;;;;;;;;;;;;;;;;;;;;;;;;;;;;;;;;;;;;;;;;;;;;;;;;;;;;;;;;;;;;;;;;;;;;;;;;;;
;;;;;;;;;;;;;;;;;;;;;;;;;;;;;;;;;;;;;;;;;;;;;;;;;;;;;;;;;;;;;;;;;;;;;;;;;;;;;;;
Graph;0;1;2;3;4;5;6;7;8;9;10;11;12;13;14;15;16;17;18;19;20;21;22;23;24;25;26;27;28;29;30;31;32;33;34;35;36;37;38;39;40;41;42;43;44;45;46;47;48;49;50;51;52;53;54;55;56;57;58;59;60;61;62;63;64;65;66;67;68;69;70;71;72;73;74;75;76;77;78
0;0;12;;;;;38;;;11;;;;;;;;;;;;;;;;;;;;;;;;;;;;;;;;;;;;;;;;;;;;;;;;;;;;;;;;;;;;;;;;;;;;;
1;12;0;;;11;;;;;;;;;;;;;;;;;;;;;;;;;;;;;;;;;;;;;;;;;;;;;;;;;33;;;;;;;;;;;;;;;;;;;;;;;;;
2;;;0;16;8;;;;;;;;;;;;;;;;37;;;;;;;;32;;;;;21;43;;;;48;;;;;;;;;;;;;;29;;45;;;;;;;;;;;;;;;;;;;;;;;;
3;;;16;0;;;;;;;;;;;;;;;;;;;;;;;;;;;;;;;;;;;;;;;;;;;;;;;26;;;;;;;;;;;;;;;;;;;;;;;;;;;;
4;;11;8;;0;;;;;;;;;;;;;;;;;;;;;;;;;;;;;;;;;;;;;;;;;;;;;;;;;;;;;;;;;;;;;;;;;;;;;;;;;;
5;;;;;;0;18;20;15;;;;32;;;;;;;65;;;;;;;;;;;;;;;;;;;;;;;;;;;;;;;;;;;;;;;;;;;;;;;;;;;;;;;;;;;
6;38;;;;;18;0;;;;;;;17;24;;;;15;;;;;;;;;;;;;;;;;;;;;;;;;;;;;;;;;;;;;;;;;;;;;;;;;;;;;;;;;;;;
7;;;;;;20;;0;;;12;33;;;;;;;;;;;;;;;;;;;;;;;;;;;;;;;;;;;;;;;;;;;;;;;;;;;;;;;;;;;;;;;;;;;
8;;;;;;15;;;0;6;;;23;;;;;;;;;;;;;;;;;;;;;;;;;;;;;;;;;;;;;;;;;;;;;;;;;;;;;;;;;;;;;;;;;;
9;11;;;;;;;;6;0;;;;;;;;;;;;;;;;;;;;;;;;;;;;;;;;;;;;;;;;;;;;;;;;22;;;;;18;;;;;;;;;;;;;;;;
10;;;;;;;;12;;;0;24;;;;;;;;;;;;;;;;;;;;;;;;;;;;;;;;;;;;;;;;;;;;;;;;;;;;18;;;;;;;;;;;;;;;
11;;;;;;;;33;;;24;0;;;;;;;;33;;;;;;;;;;;;;;;;;;;;;;;;;;;;;;;;;;;;;;;;;24;;;;;;;;;;;;;;;;;;
12;;;;;;32;;;23;;;;0;;;;;;;;;;;;;;;;;;;;;;;;;;;;;;;;;;;;;;;;;;;;;;33;;;;;15;;;;;;;;;;;;;;;
13;;;;;;;17;;;;;;;0;;;;11;;;;15;;;;;;;;;;;;;;;;;;;;;;;;;;;;;;;;;;;;;;;;;;;;;;;;;;;;;;;;;
14;;;;;;;24;;;;;;;;0;;13;;11;;;;;;;;;;;;;;;;;;;;;;;;;38;;;;;;40;;;;;;;;;;;;;;;;;;;;;;;;;;;;;
15;;;;;;;;;;;;;;;;0;15;;;;;;;;;;;;;;;;;;;;;;;;;;;;;;;;;31;;;;;;;;;;;;;;;;;;;;;;;;;;;;;
16;;;;;;;;;;;;;;;13;15;0;;;56;;;;;;;;;;;;;;;;;;;;;;;;41;;;;;;;;;;;;;;;;;100;;;;;;;;;;;;;;;;;;
17;;;;;;;;;;;;;;11;;;;0;;;;17;;;;;;;;;19;;;;;;;;;;;;;;;;;37;;;;;;;;;;;;;;;;;;;;;;;;;;;;;;;
18;;;;;;;15;;;;;;;;11;;;;0;;;;;;;;;;;;35;;;;;;;;;;;;;;;;;35;;;;;;;;;;;;;;;;;;;;;;;;;;;;;;;
19;;;;;;65;;;;;;33;;;;;56;;;0;;;;;;;;;;;;;;;;;;;;;;;;;;;;;;;;;;;;;;;;;49;;;;;;;;;;;;;;;;;;
20;;;37;;;;;;;;;;;;;;;;;;0;;19;;;;14;;10;;;;;;21;;;;27;;;;;;;;;;;;;;;;;;;;;;;;;;;;;;;;;;;;;;;;
21;;;;;;;;;;;;;;15;;;;17;;;;0;;;;;;;20;;24;;;;21;;;;;;;;;;;;;;;;;;;;;;;;;;;;;;;;;;;;;;;;;;;;
22;;;;;;;;;;;;;;;;;;;;;19;;0;;;;14;;;;;;;;;;22;23;;;;17;;;;;;;;;;;;;;;;;;;;;;;;;;;;;;;;;;;;;
23;;;;;;;;;;;;;;;;;;;;;;;;0;21;39;;36;;;;;10;;;25;;;40;;20;;;;;;;;;;;;;;;;;;;;;;;;;;;;;;;;;;;;;;
24;;;;;;;;;;;;;;;;;;;;;;;;21;0;53;;20;;;;;14;;;40;;;;;28;;;;34;21;30;;;;;;;;;;;;;;;;;;;;;;;;;;;;;;;;
25;;;;;;;;;;;;;;;;;;;;;;;;39;53;0;;;;26;;30;41;;;24;;;41;;30;40;;;;;;;;;;;;;;;;;;;;;;;;;;;;;;;;;;;;;
26;;;;;;;;;;;;;;;;;;;;;14;;14;;;;0;;;;;9;;;35;33;;;22;;;;;;;;;;;;;;;;;;;;;;;;;;;;;;;;;;;;;;;;
27;;;;;;;;;;;;;;;;;;;;;;;;36;20;;;0;;;22;;28;;;22;;;22;;;;;;;;;;;;;;;;;;;;;;;;;;;;;;;;;;;;;;;;
28;;;32;;;;;;;;;;;;;;;;;;10;20;;;;;;;0;;;;;;14;;;;24;;;;;;;;;;;;;;;;;;;;;;;;;;;;;;;;;;;;;;;;
29;;;;;;;;;;;;;;;;;;;;;;;;;;26;;;;0;;;;;;;;;;8;;;;;;;;;;;;;;;;;;;;;;;;;;;;;;;;;;;;;;;
30;;;;;;;;;;;;;;;;;;19;35;;;24;;;;;;22;;;0;;;;;;;;;;;;;;;;;15;;;;;;;;;;;;;;;;;;;;;;;;;;;;;;;
31;;;;;;;;;;;;;;;;;;;;;;;;;;30;9;;;;;0;;;;32;;;20;;;44;;;;;;;;;;;;;;;;;;;;;;;;;;;;;;;;;;;;;
32;;;;;;;;;;;;;;;;;;;;;;;;10;14;41;;28;;;;;0;;;41;;;56;;17;;;;;;;;;;;;;;;;;;;;;;;;;;;;;;;;;;;;;;
33;;;21;;;;;;;;;;;;;;;;;;;;;;;;;;;;;;;0;;;;11;;;;;;;;;;;;;;;;;;16;;;;;;;;;;;;;;;;;;;;;;;
34;;;43;;;;;;;;;;;;;;;;;;21;21;;;;;35;;14;;;;;;0;;;;17;;;;;;;;;;;;;;;;;;;;;;;;;;;;;;;;;;;;;;;;
35;;;;;;;;;;;;;;;;;;;;;;;;25;40;24;33;22;;;;32;41;;;0;;;21;;29;;;;;;;;;;;;;;;;;;;;;;;;;;;;;;;;;;;;;;
36;;;;;;;;;;;;;;;;;;;;;;;22;;;;;;;;;;;;;;0;12;;;;14;;;;;;;;;;;;;;;;;;;;;;;;;;;;;;;;;;;;;
37;;;;;;;;;;;;;;;;;;;;;;;23;;;;;;;;;;;11;;;12;0;;;;;;;;;;;;;;16;;;;;26;;;;;;;;;;;;;;;;;;;;;;
38;;;48;;;;;;;;;;;;;;;;;;27;;;40;;41;22;22;24;;;20;56;;17;21;;;0;;45;;;;;;;;;;;;;;;;;;;;;;;;;;;;;;;;;;;;;;
39;;;;;;;;;;;;;;;;;;;;;;;;;;;;;;8;;;;;;;;;;0;13;;;;;;;;;;;;;;;;;;;;;;;;;;;;;;;;;;;;;;
40;;;;;;;;;;;;;;;;;;;;;;;;20;28;30;;;;;;;17;;;29;;;45;13;0;;;;;;;;;;;;;;;;;;;;;;;;;;;;;;;;;;;;;;
41;;;;;;;;;;;;;;;;;;;;;;;17;;;40;;;;;;44;;;;;14;;;;;0;;;;;;;;;;;;;;;;;;;;;;;;;;;;;;;;;;;;;
42;;;;;;;;;;;;;;;;;;;;;;;;;;;;;;;;;;;;;;;;;;;0;27;;;29;;29;;;;;;;;;;;;;;;;;;;;;;;;;;;;;;
43;;;;;;;;;;;;;;;38;;41;;;;;;;;;;;;;;;;;;;;;;;;;;27;0;30;;;;27;19;;;;;;;;;;;;;;;;;;;;;;;;;;;;;
44;;;;;;;;;;;;;;;;;;;;;;;;;34;;;;;;;;;;;;;;;;;;;30;0;20;13;23;;;;;;;;;;;;;;;;;;;;;;;;;;;;;;;
45;;;;;;;;;;;;;;;;;;;;;;;;;21;;;;;;;;;;;;;;;;;;;;20;0;;12;;;;;;;;;;;;;;;;;;;;;;;;;;;;;;;
46;;;;;;;;;;;;;;;;;;;;;;;;;30;;;;;;;;;;;;;;;;;;29;;13;;0;;;;;;;;;;;;;;;;;;;;;;;;;;;;;;;;
47;;;;;;;;;;;;;;;;;;37;35;;;;;;;;;;;;15;;;;;;;;;;;;;;23;12;;0;;;;;;;;;;;;;;;;;;;;;;;;;;;;;;;
48;;;;;;;;;;;;;;;;;;;;;;;;;;;;;;;;;;;;;;;;;;;29;27;;;;;0;26;;;;;;;;;;;;;;;;;;;;;;;;;;;;;
49;;;;;;;;;;;;;;;40;31;;;;;;;;;;;;;;;;;;;;;;;;;;;;19;;;;;26;0;;;;;;;;;;;;;;;;;;;;;;;;;;;;;
50;;;;26;;;;;;;;;;;;;;;;;;;;;;;;;;;;;;;;;;;;;;;;;;;;;;;0;;;;8;;28;;;;;;;;;;;;;;;;;;;;;;
51;;;;;;;;;;;;;;;;;;;;;;;;;;;;;;;;;;;;;;16;;;;;;;;;;;;;;0;;;;;29;;;;;;;;;;;;;;;;;;;;;;
52;;;29;;;;;;;;;;;;;;;;;;;;;;;;;;;;;;;;;;;;;;;;;;;;;;;;;;0;12;24;;;;;;;;;;;;;;;;;;;;;;;;
53;;33;;;;;;;;;;;;;;;;;;;;;;;;;;;;;;;;;;;;;;;;;;;;;;;;;;;12;0;;;;28;;;;;;;;;;;;;;;;;;;;;32
54;;;45;;;;;;;;;;;;;;;;;;;;;;;;;;;;;;;;;;;;;;;;;;;;;;;;8;;24;;0;;;;;;;;;;;;;;;;;;;;;;;;
55;;;;;;;;;;;;;;;;;;;;;;;;;;;;;;;;;;16;;;;;;;;;;;;;;;;;;;;;;0;18;;;;;;;;;;;;;;;;;;;;;;
56;;;;;;;;;;;;;;;;;;;;;;;;;;;;;;;;;;;;;;26;;;;;;;;;;;;;28;29;;;;18;0;;;;;;;;;;;;;;;;;;;;;;
57;;;;;;;;;;22;;;;;;;;;;;;;;;;;;;;;;;;;;;;;;;;;;;;;;;;;;;;28;;;;0;;;;;19;;;;;;;;;;;;;;;;22
58;;;;;;;;;;;;;33;;;;;;;;;;;;;;;;;;;;;;;;;;;;;;;;;;;;;;;;;;;;;;0;20;;16;;;;;;;;;;39;;;;;;;
59;;;;;;;;;;;;;;;;;;;;;;;;;;;;;;;;;;;;;;;;;;;;;;;;;;;;;;;;;;;20;0;16;;;;;;;;30;;;34;;;;62;62;;
60;;;;;;;;;;;;24;;;;;100;;;49;;;;;;;;;;;;;;;;;;;;;;;;;;;;;;;;;;;;;;;;16;0;;;;;;;;36;;;;;;;69;77;;
61;;;;;;;;;;;;;;;;;;;;;;;;;;;;;;;;;;;;;;;;;;;;;;;;;;;;;;;;;;;16;;;0;16;;;;;;;;;;;;;;;;
62;;;;;;;;;;18;;;;;;;;;;;;;;;;;;;;;;;;;;;;;;;;;;;;;;;;;;;;;;;;19;;;;16;0;;;;;;;;;;;;;;;;
63;;;;;;;;;;;18;;15;;;;;;;;;;;;;;;;;;;;;;;;;;;;;;;;;;;;;;;;;;;;;;;;;;;0;;;;;;;;;;;;;;;
64;;;;;;;;;;;;;;;;;;;;;;;;;;;;;;;;;;;;;;;;;;;;;;;;;;;;;;;;;;;;;;;;;0;29;;;;20;24;;;39;81;;;;
65;;;;;;;;;;;;;;;;;;;;;;;;;;;;;;;;;;;;;;;;;;;;;;;;;;;;;;;;;;;;;;;;;29;0;;;;32;36;;;25;;;;;
66;;;;;;;;;;;;;;;;;;;;;;;;;;;;;;;;;;;;;;;;;;;;;;;;;;;;;;;;;;;;;;;;;;;0;;;;;;;43;;39;;;
67;;;;;;;;;;;;;;;;;;;;;;;;;;;;;;;;;;;;;;;;;;;;;;;;;;;;;;;;;;;;;;;;;;;;0;;;;;;;;;;29;
68;;;;;;;;;;;;;;;;;;;;;;;;;;;;;;;;;;;;;;;;;;;;;;;;;;;;;;;;;;;;30;36;;;;;;;;0;;;;;;;38;37;;
69;;;;;;;;;;;;;;;;;;;;;;;;;;;;;;;;;;;;;;;;;;;;;;;;;;;;;;;;;;;;;;;;;20;32;;;;0;11;;;43;85;;;;
70;;;;;;;;;;;;;;;;;;;;;;;;;;;;;;;;;;;;;;;;;;;;;;;;;;;;;;;;;;;;;;;;;24;36;;;;11;0;12;15;46;88;;;;
71;;;;;;;;;;;;;;;;;;;;;;;;;;;;;;;;;;;;;;;;;;;;;;;;;;;;;;;;;;;39;34;;;;;;;;;;;12;0;17;;;;;;
72;;;;;;;;;;;;;;;;;;;;;;;;;;;;;;;;;;;;;;;;;;;;;;;;;;;;;;;;;;;;;;;;;;;;;;;15;17;0;;;;;15;
73;;;;;;;;;;;;;;;;;;;;;;;;;;;;;;;;;;;;;;;;;;;;;;;;;;;;;;;;;;;;;;;;;39;25;43;;;43;46;;;0;46;;;;
74;;;;;;;;;;;;;;;;;;;;;;;;;;;;;;;;;;;;;;;;;;;;;;;;;;;;;;;;;;;;;;;;;81;;;;;85;88;;;46;0;;;;
75;;;;;;;;;;;;;;;;;;;;;;;;;;;;;;;;;;;;;;;;;;;;;;;;;;;;;;;;;;;;62;69;;;;;;39;;38;;;;;;;0;38;;
76;;;;;;;;;;;;;;;;;;;;;;;;;;;;;;;;;;;;;;;;;;;;;;;;;;;;;;;;;;;;62;77;;;;;;;;37;;;;;;;38;0;;
77;;;;;;;;;;;;;;;;;;;;;;;;;;;;;;;;;;;;;;;;;;;;;;;;;;;;;;;;;;;;;;;;;;;;29;;;;;15;;;;;0;18
78;;;;;;;;;;;;;;;;;;;;;;;;;;;;;;;;;;;;;;;;;;;;;;;;;;;;;;32;;;;22;;;;;;;;;;;;;;;;;;;;18;0
